unique,artist,title,month_year_top,instruments,intended_reaction,volume,services,translations,simplicity,monthly_listeners,merch_sold,tickets_sold,duration_listene,views_song,articles,speed,lyrical_tone,lyrical_tone,year,common_genre,intended_age,awards_won,billboard_hot_100,music_video_4
TPS1,The Weekend,Blinding Lights,Nov 2019,8,4,-6,3,6,2,112.9,"75,000","1,500,000",2.75,"7,500,000,000",30,171,3,3,2019,1,18,0,20.7,1
TPS2,Glass Animals,Heat Waves,Oct 2020,10,7,-7,3,4,3,22.2,"15,000",,2.25,"640,000,000",10,81,3,2,2020,6,15,0,13.8,0
TPS3,Harry Styles,As It Was,Apr 2022,10,7,-5,5,6,2,46.5,"100,000","3,000,000",2.75,"850,000,000",25,174,3,2,2022,2,15,1,3.4,1
TPS4,Mariah Carey,All I Want for Christmas is You,Jan 2000,4,3,-7,4,10,1,27,"50,000","100,000",1.75,"800,000,000",15,150,7,7,2000,2,10,2,6.7,1
TPS5,The Weekend and Ariana Grande,Save Your Tears,Mar 2020,5,5,-5,8,5,1,112.9,,,2.25,"950,000,000",30,118,2,4,2020,1,18,0,7.6,1
TPS6,The Kid LAROI and Justin Bieber ,Stay,Jul 2021,7,3,-5,4,4,1,46,"50,000","200,000",2.25,"2,700,000,000",12,170,3,6,2021,3,15,0,13.6,0
TPS7,Miley Cyrus,Flowers,Jan 2023,10,6,-5,3,6,1,55.4,"65,000","150,000",2.25,"1,250,000,000",20,118,4,7,2023,2,15,0,2.3,1
TPS8,Ed Sheeran,Shape Of You,Jan 2017,3,1,-3,3,11,1,70.9,"10,000","3,000,000",2.75,"3,500,000,000",40,96,6,5,2017,2,15,1,13.6,1
TPS9,Ed Sheeran,Bad Habits,Jun 2021,6,4,-4,3,5,2,70.9,"10,000","3,000,000",2.25,"700,000,000",40,126,3,5,2021,2,15,0,5.5,0
TPS10,Lewis Capaldi,Someone You Loved,Nov 2018,3,10,-6,3,7,2,32.3,"35,000","600,000",2.25,"1,500,000,000",8,110,2,2,2018,2,15,0,17.7,1
TPS11,Nickelback,How You Remind Me,Sep 2001,10,6,-5,3,3,2,22.7,"45,000","400,000",2.25,"1,000,000,000",5,172,3,7,2001,4,25,1,13.8,1
TPS12,Dua Lipa & DaBaby,Levitating,Apr 2020,9,1,-2,4,6,1,64.6,"55,000","200,000",2.5,"800,000,000",25,103,6,8,2020,2,15,1,15.9,1
TPS13,"Usher, Lil' Jon and Ludacris",Yeah! ,Jan 2004,4,1,-5,5,5,1,41.3,"30,000","200,000",2.25,"1,200,000,000",40,105,8,8,2004,1,18,1,9.5,0
TPS14,Ed Sheeran,Perfect,Mar 2017,5,10,-6,9,8,2,70.9,"100,000","3,000,000",2.75,"1,800,000,000",40,95,9,3,2017,2,15,0,8.5,1
TPS15,Ed Sheeran,Shivers,Sep 2021,4,3,-3,2,4,2,70.9,"100,000","3,000,000",2.75,"1,000,000,000",10,141,7,7,2021,2,15,0,4.8,0
TPS16,Wham!,Last Christmas,Jan 2000,3,2,-12,3,10,1,14.6,"20,000",,1.75,"500,000,000",3,108,3,6,2000,2,10,0,3.7,1
TPS17,Luis Fonsi & Daddy Yankee,Despacito,Jan 2017,5,2,-5,2,15,3,20.7,"50,000","100,000",2.75,"3,500,000,000",8,178,7,6,2017,8,15,0,12.9,1
TPS18,Tones & I,Dance Monkey,Jun 2019,6,1,-6,4,7,2,11.9,"15,000","150,000",2.25,"1,300,000,000",5,98,3,3,2019,2,10,0,6,0
TPS19,"P Diddy, Usher, and Loon",I Need A Girl,Mar 2002,7,4,-7,3,3,1,11.4,"15,000","200,000",2.25,"200,000,000",4,200,6,6,2002,3,18,0,7,0
TPS20,The Killers,Mr. Brightside,May 2004,9,10,-5,3,4,3,26.1,"40,000","400,000",2.75,"500,000,000",6,148,2,4,2004,5,18,0,15,1
TPS21,Mary J Blige,Family Affair,Jul 2001,8,1,-4,4,3,1,11.7,"25,000","100,000",2.25,"200,000,000",6,93,4,5,2001,1,15,1,7,0
TPS22,Elton John & Dua Lipa,Cold Heart ,Aug 2021,10,6,-6,2,5,2,48.2,"50,000","1,000,000",2.75,"500,000,000",10,116,3,4,2021,2,15,0,8.5,1
TPS23,Taylor Swift,Anti-Hero,Oct 2022,7,8,-7,3,6,2,91.3,"150,000","4,000,000",2.25,"300,000,000",40,97,3,5,2022,7,15,0,6.7,0
TPS24,Lifehouse,Hanging By a Moment,Feb 2001,6,5,-5,3,2,2,5.5,"12,500","100,000",2.25,"200,000,000",4,125,6,4,2001,5,15,0,12,1
TPS25,Timbaland & One Republic,Apologize,Apr 2007,9,10,-6,3,6,1,21.5,"25,000","450,000",2.25,"200,000,000",6,118,2,6,2007,3,15,1,12,1
TPS26,Taylor Swift,Cruel Summer,Aug 2019,8,1,-6,2,3,1,91.3,"150,000","4,000,000",2.75,"500,000,000",10,170,4,4,2019,7,15,0,7.1,0
TPS27,David Guetta & Bebe Rhexa,I'm Good (Blue),Aug 2022,10,1,-4,5,4,1,75.9,"35,000","250,000",2.25,"400,000,000",8,128,10,8,2022,9,18,0,5.3,0
TPS28,The Black Eyed Peas,I Gotta Feeling,Jun 2009,8,1,-6,3,8,1,41.8,"50,000","350,000",2.75,"600,000,000",10,128,9,8,2009,3,15,0,3.2,1
TPS29,Morgan Wallen,Last Night,Feb 2023,6,3,-5,4,2,2,38.4,"55,000","900,000",2.25,"250,000,000",10,204,3,4,2023,7,18,0,3.2,0
TPS30,Eminem,Lose Yourself,Oct 2002,10,7,-5,5,5,3,75.7,"100,000","100,000",2.75,"1,500,000,000",15,171,3,8,2002,3,15,1,2.8,1
TPS31,Billie Eilish ,Bad Guy,Apr 2019,7,2,-11,6,15,1,58,"300,000","500,000",2.5,"1,000,000,000",40,135,5,7,2019,10,15,1,12,1
TPS32,Mariah Carey,We Belong Together,Apr 2005,9,6,-8,5,10,1,24,"150,000","300,000",3,"300,000,000",20,140,3,3,2005,1,18,1,14,1
TPS33,Alicia Keys,Fallin' ,Jun 2001,8,7,-8,2,9,2,22,"100,000","200,000",3.5,"200,000,000",15,96,5,6,2001,1,15,1,10,0
TPS34,Three Doors Down,Kryptonite,Apr 2000,8,5,-6,2,8,2,9,"80,000","150,000",3,"300,000,000",5,99,3,6,2000,5,15,0,11,0
TPS35,Snow Patrol,Chasing Cars,Jun 2006,7,9,-5,2,12,2,10,"50,000","120,000",3,"200,000,000",5,104,5,2,2006,5,10,0,16,1
TPS36,Mark Ronson & Bruno Mars,Uptown Funk,Nov 2014,6,1,-7,3,18,1,50,"200,000","250,000",3.5,"4,500,000,000",10,115,8,9,2014,2,15,2,14,1
TPS37,Faith Hill,Breathe,Jan 2000,10,5,-9,5,8,2,5,"70,000","100,000",3,"100,000,000",5,137,7,3,2000,7,15,0,13,0
TPS38,24Goldn & Iann Dior,Mood,Aug 2020,8,2,-4,3,10,1,26,"120,000","150,000",2.5,"300,000,000",10,91,3,5,2020,3,15,0,12,0
TPS39,Nelly & Kelly Rowland,Dilemma,Jul 2002,8,1,-8,2,9,1,18,"60,000","200,000",3.5,"500,000,000",10,168,4,5,2002,1,15,1,10,0
TPS40,Pharell Williams,Happy,Aug 2013,5,3,-5,2,16,1,25,"150,000","150,000",3,"1,000,000,000",15,160,10,8,2013,2,15,0,16,0
TPS41,The Pussycat Dolls,Don't Cha,May 2005,3,2,-3,4,9,1,10,"100,000","100,000",3,"200,000,000",10,120,6,5,2005,2,18,0,9,0
TPS42,Santana & The Product G,Maria Maria,Feb 2000,7,4,-6,2,8,1,14,"50,000","100,000",3.5,"200,000,000",5,98,4,4,2000,4,15,1,10,1
TPS43,OutKast,Hey Ya!,Oct 2003,5,6,-2,3,12,3,22,"100,000","150,000",3.5,"1,000,000,000",10,80,3,6,2003,3,15,1,14,1
TPS44,Train,Drops Of Jupiter (Tell Me),Mar 2001,3,4,-6,5,8,2,15,"70,000","150,000",3.5,"200,000,000",10,79,6,4,2001,5,10,0,11,0
TPS45,Olivia Rodrigo,Good 4 U,May 2021,9,8,-5,6,11,1,75,"500,000","600,000",3,"500,000,000",50,167,3,7,2021,2,15,1,10,1
TPS46,50 Cent,In Da Club,Jan 2003,6,1,-3,2,10,1,34,"200,000","250,000",3,"1,000,000,000",20,90,7,5,2003,3,18,1,12,1
TPS47,Coldplay,Viva la vida,May 2008,10,9,-7,5,15,3,90,"300,000","2,000,000",3,"1,500,000,000",40,138,3,2,2008,2,15,1,8,1
TPS48,Mario,Let Me Love You,Oct 2004,7,5,-5,5,9,2,10,"40,000","100,000",3.5,"200,000,000",5,95,3,3,2004,1,15,0,14,1
TPS49,Lil Nas X & Billy Ray Cyrus,Old Town Road,Mar 2019,4,2,-6,4,10,1,35,"300,000","300,000",3,"1,000,000,000",30,136,6,7,2019,3,15,2,19,0
TPS50,Rihanna & Jay-Z,Umbrella,Apr 2007,5,5,-5,5,14,1,80,"400,000","800,000",3.5,"1,000,000,000",20,174,7,4,2007,3,18,1,12,1
TPS51,Faith Hill,The Way You Love Me,Mar 2000,10,5,-7,3,7,1,5,"70,000","100,000",3,"100,000,000",5,102,7,7,2000,7,15,0,10,0
TPS52,Adele,Rolling In The Deep,Dec 2010,10,6,-5,5,11,2,60,"600,000","1,000,000",3.5,"3,000,000,000",50,105,3,7,2010,11,18,1,13,1
TPS53,Tom Odell,Another Love,Dec 2012,2,10,-9,2,8,2,12,"40,000","100,000",3,"300,000,000",5,123,2,3,2012,11,15,0,7,1
TPS54,The Calling,Wherever You Will Go,Nov 2001,7,6,-5,4,8,2,6,"30,000","100,000",3,"200,000,000",5,112,6,5,2001,5,18,0,11,0
TPS55,Kanye West & Jamie Foxx,Gold Digger,Jul 2005,10,2,-6,2,12,1,53,"300,000","250,000",3,"300,000,000",10,93,6,6,2005,3,15,1,12,1
TPS56,Kelly Clarkson,Since U Been Gone,Dec 2004,9,5,-5,4,9,1,17,"200,000","300,000",3.5,"300,000,000",30,131,4,7,2004,2,15,1,10,1
TPS57,Creed,With Arms Wide Open,May 2000,8,8,-8,5,8,2,12,"80,000","200,000",3.5,"400,000,000",10,139,4,4,2000,5,18,1,10,0
TPS58,SZA,Kill Bill,Dec 2022,7,3,-6,1,7,1,44,"100,000","500,000",3,"400,000,000",20,89,3,6,2022,1,15,0,13,1
TPS59,Jennifer Lopez & Ja Rule,I'm Real,Jul 2001,10,2,-8,4,8,1,14,"150,000","300,000",3,"100,000,000",15,83,5,4,2001,1,15,1,9,1
TPS60,Maroon 5,This Love,Feb 2004,7,6,-5,4,10,2,62,"400,000","700,000",3.5,"400,000,000",50,95,3,6,2004,2,15,0,12,1
TPS61,Lady GaGa,Poker Face,Sep 2008,7,2,-5,5,12,2,56,"300,000","600,000",3,"1,500,000,000",40,119,5,7,2008,2,15,1,15,1
TPS62,Destiny's Child,Independent Woman,Sep 2000,6,2,-4,4,9,1,17,"100,000","200,000",3.5,"200,000,000",10,98,8,6,2000,1,15,1,10,0
TPS63,Shaggy & Ricardo 'RikRok' Ducent,It Wasn't Me,Nov 2000,8,1,-5,4,8,1,12,"50,000","100,000",3,"1,000,000,000",5,95,5,5,2000,8,15,0,10,0
TPS64,LMFAO,Party Rock Anthem,Feb 2011,7,2,-4,4,11,1,13,"70,000","200,000",3.5,"1,200,000,000",5,130,8,8,2011,10,15,0,14,0
TPS65,Post Malone,Circles,Sep 2019,8,4,-3,1,9,2,66,"600,000","1,200,000",3.5,"1,600,000,000",70,120,3,4,2019,2,15,0,14,0
TPS66,James Blunt,You're Beautiful,Jun 2005,3,7,-10,5,10,1,12,"50,000","150,000",3.5,"700,000,000",5,82,3,2,2005,4,18,0,11,0
TPS67,Enrique Iglesias,Hero,Sep 2001,5,4,-6,4,8,1,20,"200,000","400,000",3.5,"200,000,000",15,152,4,3,2001,2,15,0,10,1
TPS68,Vanessa Carlton,A Thousand Miles,Mar 2002,7,6,-4,4,9,2,9,"30,000","100,000",3.5,"300,000,000",5,95,4,4,2002,2,15,0,10,1
TPS69,Joe Thomas,I Wanna Know,Jan 2000,8,3,-6,3,8,2,4,"20,000","100,000",3,"200,000,000",2,136,4,3,2000,1,15,0,9,1
TPS70,Fergie,Big Girls Don't Cry (Personal),May 2007,4,10,-4,4,10,3,8,"100,000","100,000",3.5,"300,000,000",10,113,3,5,2007,2,15,0,11,1
TPS71,R Kelly,Ignition,Nov 2002,5,1,-7,2,9,1,12,"80,000","100,000",3.5,"200,000,000",15,133,7,6,2002,1,15,0,12,1
TPS72,Aaliyah,Try Again,Mar 2000,5,3,-5,2,8,1,7,"50,000","100,000",3,"200,000,000",5,93,5,4,2000,1,15,0,8,0
TPS73,Timbaland & Keri Hilson,The Way I Are,Jun 2007,6,3,-6,7,10,1,8,"150,000","100,000",3,"300,000,000",5,115,6,4,2007,3,18,0,9,1
TPS74,Linkin Park,In The End,Oct 2001,10,7,-6,2,11,2,35,"300,000","300,000",3,"1,500,000,000",20,105,2,8,2001,5,15,0,10,1
TPS75,Gotye & Kimbra,Somebody That I Used To Know,Jul 2011,8,8,-7,4,10,2,18,"40,000","100,000",3.5,"1,500,000,000",5,129,3,4,2011,6,15,1,11,1
TPS76,Leona Lewis,Bleeding Love,Oct 2007,3,8,-6,3,12,3,10,"60,000","100,000",3.5,"600,000,000",5,104,4,6,2007,2,15,1,12,1
TPS77,Ciara & Petey Pablo,Goodies,Jun 2004,6,1,-6,3,9,1,8,"70,000","100,000",3,"100,000,000",5,102,5,5,2004,3,18,0,11,0
TPS78,Evanescence & Paul McCoy,Bring Me To Life,Mar 2003,10,4,-3,4,11,2,20,"80,000","200,000",3.5,"300,000,000",5,95,4,7,2003,5,15,1,12,1
TPS79,Toni Braxton,He Wasn't Man Enough,Aug 2003,7,2,-2,1,8,1,7,"60,000","100,000",3.5,"200,000,000",5,88,4,4,2000,1,15,0,8,0
TPS80,Three Doors Down,Here Without You,Jun 2014,8,6,-7,3,9,2,9,"80,000","150,000",3,"300,000,000",5,144,6,4,2003,5,18,0,10,1
TPS81,	Ed Sheeran,Thinking Out Loud,Feb 2003,8,10,-6,3,13,2,105,"1,200,000","1,500,000",3.5,"2,000,000,000",60,79,7,3,2014,2,15,0,15,1
TPS82,Sean Paul,Get Busy,Sep 2001,5,1,-4,1,10,1,30,"100,000","300,000",3,"600,000,000",10,100,8,7,2003,8,15,0,10,0
TPS83,Usher,U Got It Bad,Dec 2015,3,6,-5,5,9,1,20,"300,000","500,000",3.5,"300,000,000",30,124,3,4,2001,1,15,1,10,0
TPS84,Sia,Cheap Thrills,Sep 2007,4,3,-6,5,11,1,38,"200,000","300,000",3.5,"2,600,000,000",20,90,7,8,2015,2,15,0,12,0
TPS85,Alica Keys,No One,Jan 2000,5,5,-5,5,10,2,24,"100,000","200,000",3.5,"400,000,000",15,90,4,6,2007,1,15,1,10,1
TPS86,Rob Thomas & Santana,Smooth,Apr 2006,7,3,-4,1,9,1,22,"60,000","100,000",3.5,"200,000,000",5,116,6,6,2000,4,15,1,12,1
TPS87,Shakira & Wyclef Jean,Hips Don't Lie,Apr 2006,7,2,-6,4,14,1,36,"150,000","300,000",3.5,"1,300,000,000",10,100,7,8,2006,8,15,0,12,1
TPS88,The Fray,How To Save A Life,Apr 2006,5,10,-4,4,10,2,18,"80,000","150,000",3.5,"500,000,000",5,122,2,4,2006,5,15,0,12,0
TPS89,John Legend,All Of Me,Sep 2013,2,10,-7,3,12,2,25,"150,000","300,000",3.5,"1,800,000,000",15,120,6,3,2013,1,15,1,14,1
TPS90,Madonna,Music,Aug 2000,4,1,-9,3,8,1,18,"200,000","400,000",3,"300,000,000",20,120,7,6,2000,2,15,1,10,1
TPS91,OutKast,The Way You Move,Sep 2003,5,1,-5,5,10,1,21,"100,000","150,000",3,"500,000,000",10,126,6,7,2003,3,15,1,12,1
TPS92,Camila Cabello & Young Thug,Havana,Aug 2017,3,3,-4,2,13,1,42,"300,000","250,000",3,"2,000,000,000",15,105,4,4,2017,2,15,0,14,1
TPS93,Avril Lavigne,Complicated,Jun 2002,10,7,-6,2,9,2,18,"100,000","200,000",3.5,"400,000,000",15,78,6,6,2002,2,15,0,11,1
TPS94,Matchbox Twenty,Unwell,Mar 2003,8,6,-5,3,8,3,12,"150,000","200,000",3.5,"200,000,000",10,81,4,3,2003,5,15,0,10,0
TPS95,Vertical Horizon,Everything You Want,Jan 2000,8,8,-6,6,7,2,3,"30,000","100,000",3,"200,000,000",2,94,6,4,2000,2,15,0,9,0
TPS96,SZA,Snooze,Dec 2022,6,5,-7,3,6,1,64,"100,000","500,000",3,"300,000,000",20,143,7,4,2022,1,15,0,9,1
TPS97,Lady Gaga ft Bradley Cooper,Shallow,Oct 2018,8,9,-6,3,10,2,51,"200,000","250,000",3,"1,300,000,000",5,96,8,7,2018,2,15,1,12,1
TPS98,Cira & Missy 'Misdemeanor' Elliot,1-2 Step,Oct 2004,6,1,-11,2,8,1,6,"100,000","150,000",3.5,"100,000,000",5,113,8,6,2004,3,15,0,9,1
TPS99,Eve & Gwen Stefani,Let Me Blow Ya Mind,Apr 2001,7,2,-4,5,9,1,5,"50,000","150,000",3,"300,000,000",5,90,5,4,2001,3,18,0,9,1
TPS100,Daniel Powter,Bad Day,Mar 2005,7,7,-4,5,8,2,2,"30,000","100,000",3,"300,000,000",5,140,6,7,2005,2,15,0,10,0
TPS101,"Metro Boomin, The Weeknd & 21 Savage",Creepin',Dec 2022,5,3,-6,3,10,2,50,"400,000","400,000",3,"300,000,000",15,98,3,4,2022,3,15,0,7,0
TPS102,Justin TImberlake,Can't Stop The Feeling,May 2016,7,1,-6,5,11,1,28,"300,000","500,000",3.5,"700,000,000",30,113,9,9,2016,2,18,0,5,1
TPS103,The Chainsmokers & Halsey,Closer,Aug 2016,5,6,-6,3,12,1,35,"400,000","500,000",3,"2,000,000,000",20,95,4,5,2016,10,15,0,8,0
TPS104,Dua Lipa,Don't Start Now,Nov 2019,5,5,-5,4,13,1,71,"600,000","700,000",3,"1,300,000,000",40,124,6,7,2019,2,18,0,7,0
TPS105,"Mario Winans, Enya & P Diddy",I Don't Wanna Know,Feb 2004,7,4,-8,5,8,2,3,"50,000","100,000",3,"100,000,000",5,97,2,2,2004,1,20,0,5,1
TPS106,Beyonce & Jay-Z,Crazy In Love,May 2003,7,3,-7,5,12,1,47,"500,000","1,200,000",3,"500,000,000",30,99,7,8,2003,3,18,1,7,1
TPS107,Luke Combs,Fast Car,Mar 2023,8,3,-6,3,7,1,35,"300,000","800,000",3,"300,000,000",15,98,7,4,2023,12,18,0,6,0
TPS108,Matchbox Twenty,Bent,Apr 2000,6,9,-7,3,7,2,12,"150,000","200,000",3,"200,000,000",10,95,3,6,2000,5,15,0,6,0
TPS109,Gorillaz,Feel Good Inc,Apr 2005,8,5,-7,3,12,3,24,"100,000","200,000",3.5,"600,000,000",15,139,4,3,2005,5,15,0,7,1
TPS110,Maroon 5 & Carti B,Girls Like You,Jun 2018,7,3,-8,4,12,1,47,"400,000","300,000",3.5,"1,500,000,000",10,125,3,6,2018,2,15,0,7,0
TPS111,Imagine Dragons,Radioactive,Aug 2012,9,4,-4,2,11,2,59,"600,000","1,000,000",3.5,"1,800,000,000",30,136,4,7,2012,5,18,0,8,1
TPS112,Lil' Jon & The East Side Boyz,Get Low,May 2003,6,1,-7,3,9,1,7,"60,000","100,000",3,"400,000,000",5,101,8,7,2003,3,18,0,7,0
TPS113,Staind,It's Been Awhile,Apr 2001,9,7,-4,3,7,2,4,"70,000","100,000",3.5,"200,000,000",5,117,3,4,2001,5,15,0,6,0
TPS114,Ashanti,Foolish,Feb 2002,6,5,-6,4,8,1,8,"80,000","100,000",3,"200,000,000",10,90,3,4,2002,1,20,0,9,0
TPS115,Beyonce ,Baby Boy,Aug 2003,6,2,-9,3,10,1,47,"500,000","1,200,000",3.5,"300,000,000",30,91,6,6,2003,1,18,0,8,1
TPS116,Usher,Burn,Mar 2004,7,4,-7,1,9,1,20,"300,000","500,000",3.5,"300,000,000",30,120,3,3,2004,1,15,0,8,0
TPS117,Post Malone & Swae Lee,Sunflower (Spider-Man: Into The Spider-Verse),Oct 2018,6,4,-4,1,11,2,59,"600,000","400,000",3.5,"1,700,000,000",20,90,3,4,2018,3,18,0,9,0
TPS118,Avicii,Wake Me Up,Jun 2013,6,6,-6,1,13,3,46,"300,000","400,000",3.5,"2,000,000,000",15,124,5,3,2013,13,15,0,6,1
TPS119,Lil Nas X & Jack Harlow,Industry Baby,Jul 2021,5,3,-7,5,11,1,53,"500,000","300,000",3,"1,600,000,000",15,150,7,6,2021,3,15,0,7,0
TPS120,Nelly ,Hot in Herre,May 2002,4,1,-5,3,9,1,14,"200,000","200,000",3.5,"200,000,000",20,107,8,7,2002,3,18,0,7,0
TPS121,Tate McRae ,Greedy ,September 2023,8,3,-3,3,6,2,25,"200,000","200,000",2.5,"300,000,000",10,111,5,5,2023,2,18,0,5,0
TPS122,Green Day ,Boulevard of Broken Dreams,Nov 2004,9,8,-4,3,10,2,25,"400,000","600,000",3,"600,000,000",30,167,2,4,2004,5,15,0,8,1
TPS123,Destiny's Child ,Say My Name ,Jan 2000,6,2,-5,4,12,1,11,"100,000","200,000",3.5,"500,000,000",10,138,3,3,2000,1,18,1,7,0
TPS 124,Alicia Keys ,If I Ain't Got You ,Mar 2004,7,6,-9,3,10,1,24,"100,000","200,000",3.5,"500,000,000",15,118,6,4,2004,1,18,1,7,0
TPS125,DaBaby & Roddy Ricch,Rockstar ,Apr 2020,4,2,-6,4,9,1,30,"300,000","400,000",3,"400,000,000",20,90,6,6,2020,3,18,0,8,1
TPS126,Maroon 5,She Will Be Loved ,Jul 2004,3,8,-6,7,12,2,47,"400,000","700,000",3,"600,000,000",50,102,5,4,2004,2,18,0,8,0
TPS127,Justin Timberlake ,SexyBack ,Jul 2006,5,1,-6,7,11,1,38,"300,000","500,000",3.5,"700,000,000",30,117,9,6,2006,2,18,1,7,1
TPS128,Jason Mraz,I am yours ,May 2008,3,8,-9,2,12,1,16,"80,000","100,000",3,"200,000,000",10,151,8,3,2008,2,15,0,6,0
TPS129,Sam Smith & Kim Petras ,Unholy ,Sep 2022,5,3,-7,4,10,1,56,"200,000","300,000",3,"600,000,000",15,131,4,6,2022,2,15,0,5,0
TPS130,Macklemore & Ryan Lewis ,Can't Hold Us ,Jan 2013,9,5,-4,5,11,1,22,"150,000","300,000",3,"500,000,000",10,146,8,7,2013,3,1,1,8,1
TPS131,Shaggy ,Angel ,Dec 2000,3,4,-3,7,8,1,21,"60,000","100,000",3.5,"500,000,000",10,171,7,4,2000,8,18,0,7,0
TPS132,Shakira ,"Whenever, Wherever ",Oct 2001,5,3,-5,6,12,1,36,"200,000","400,000",2,"1,800,000,000",25,108,8,9,2001,2,15,0,8,0
TPS133,Brenda Lee ,Rockin' Around The Christmas Tree,Dec 2007,7,1,-9,8,7,1,10,"30,000","100,000",3,"100,000,000",2,67,10,6,2007,2,18,0,6,0
TPS134,Lonestar ,Amazed ,Jan 2000,5,6,-9,7,6,2,4,"50,000","100,000",3,"300,000,000",5,140,8,4,2000,12,18,0,7,0
TPS135,Carly Rae Jepsen ,Call Me Maybe,Nov 2011,7,2,-7,5,11,1,14,"100,000","150,000",3,"1,000,000,000",10,120,8,6,2011,2,18,0,9,0
TPS136,Chris Brown & Juelz Santana ,Run It ,Aug 2005,5,2,-7,1,8,1,20,"100,000","200,000",3.5,"200,000,000",15,101,7,7,2005,1,15,0,5,0
TPS137,Snoop Dog & Pharrel Williams ,Drop It Like It's Hot ,Oct 2004,5,1,-4,4,10,1,40,"300,000","400,000",3.5,"600,000,000",15,92,6,6,2004,3,18,0,7,0
TPS138,Nickelback ,Someday ,Aug 2003,10,6,-6,2,9,2,18,"200,000","400,000",3,"300,000,000",25,163,4,7,2003,5,18,0,6,0
TPS139,Doja Cat ,Paint The Town Red ,Aug 2023,5,2,-9,3,6,1,69,"400,000","500,000",3.5,"600,000,000",30,100,8,7,2023,3,18,0,8,0
TPS140,Gnarls Barkley ,Crazy ,Apr 2006,7,3,-2,2,11,1,8,"70,000","100,000",3,"1,200,000,000",5,112,4,6,2006,11,20,0,8,0
TPS141,Dido,White Flag ,Sep 2003,8,8,-7,2,8,3,7,"60,000","100,000",3.5,"500,000,000",5,170,3,3,2003,2,15,0,7,1
TPS142,"Robin Thicke, TI & Pharrel Williams ",Blurred Lines ,Mar 2013,5,2,-5,3,11,1,10,"80,000","200,000",3,"1,300,000,000",5,120,6,5,2013,1,18,1,9,1
TPS143,Jennifer Lopez & Ja Rule ,Ain't it Funny ,Jul 2001,4,3,-3,2,8,1,10,"150,000","300,000",3,"200,000,000",15,89,4,7,2001,1,18,0,7,1
TPS144,Justin Bieber ,Love Yourself ,Nov 2015,6,8,-10,2,13,2,73,"800,000","1,000,000",3,"700,000,000",50,100,3,4,2015,2,15,0,8,1
TPS145,Drake WizKid & Kyla ,One Dance ,Apr 2016,8,2,-6,2,14,1,70,"400,000","400,000",3,"1,600,000,000",15,104,6,4,2016,3,15,1,9,1
TPS146,The Black Eyed Peas,My Humps ,Aug 2005,5,1,-6,1,10,1,30,"300,000","600,000",3,"700,000,000",40,124,7,6,2005,3,15,0,7,0
TPS147,Adele ,Someone Like You ,Jan 2011,3,9,-8,2,14,2,64,"600,000","1,000,000",3.5,"1,700,000,000",50,135,3,3,2011,2,15,1,8,1
TPS148,Eminem ,Without Me ,May 2002,7,5,-3,5,12,1,66,"500,000","800,000",3,"1,000,000,000",60,112,6,7,2002,3,18,0,8,1
TPS149,Gwen Stefani,Hollaback Girl ,Apr 2005,6,3,-2,2,9,1,8,"100,000","300,000",3.5,"600,000,000",20,110,7,7,2005,2,15,0,9,1
TPS150,Post Malone & 21 Savage ,Rockstar ,Sep 2017,4,3,-7,3,12,1,59,"600,000","400,000",3.5,"1,600,000,000",20,160,6,7,2017,2,15,1,10,1
TPS151,Nelly Furtado ,Say It Right ,Nov 2006,6,5,-6,1,11,1,12,"100,000","200,000",3,"200,000,000",10,117,4,6,2006,2,15,0,7,0
TPS152,One Repubic ,Counting Stars ,May 2013,8,7,-5,3,13,3,50,"200,000","500,000",3.5,"1,700,000,000",30,122,6,5,2013,5,15,0,8,1
TPS153,Kelly Clarkson,Breakaway ,Aug 2004,6,8,-4,2,9,2,17,"200,000","300,000",3,"300,000,000",30,160,7,6,2004,13,15,0,7,1
TPS154,Hoobastank,The Reason ,Mar 2004,9,7,-6,3,9,2,5,"50,000","100,000",3.5,"200,000,000",5,83,4,3,2004,2,15,0,7,1
TPS155,Major Lazer & DJ Snake ,Lean On,Mar 2015,7,6,-3,1,14,1,37,"200,000","400,000",3,"1,500,000,000",10,98,5,6,2015,5,15,0,9,0
TPS156,Natasha Bedingfield ,Unwritten ,Dec 2004,6,6,-6,4,8,2,7,"40,000","100,000",3.5,"200,000,000",5,100,8,7,2004,2,15,0,8,0
TPS157,Lifehouse ,You & Me ,Feb 2005,5,4,,3,7,1,5,"70,000","100,000",3.5,"200,000,000",10,140,6,3,2005,1,15,0,6,1
TPS158,Dido,Thank You ,Jan 2001,6,8,-10,3,8,3,7,"60,000","100,000",3,"300,000,000",5,80,7,3,2001,6,15,0,7,0
TPS159,Sisqo,Thong Song ,Jan 2000,4,1,-7,2,7,1,2,"40,000","100,000",3,"200,000,000",5,122,5,7,2000,2,18,0,7,1
TPS160,Hozier ,Take Me To Church,Jul 2014,8,9,-5,2,13,3,32,"100,000","200,000",3.5,"600,000,000",15,129,3,4,2014,3,15,0,8,1
TPS161,Plain White T's,Hey There Delilah,"Apr, 2007",5,4,-11,2,9,2,10,"50,000","100,000",3.5,"300,000,000",5,104,6,4,2007,5,15,0,8,1
TPS162,Flo-Rida & T-Pain,Low,"Nov, 2007",6,1,-6,1,11,1,18,"150,000","300,000",3.5,"400,000,000",15,128,5,7,2007,2,15,0,10,0
TPS163,Matchbox Twenty,If You're Gone,"Oct, 2000",9,6,-7,1,8,2,12,"150,000","200,000",3,"200,000,000",10,110,3,4,2000,2,15,1,7,0
TPS164,Kelly Clarkson,Because of You,"Sep, 2005",5,7,-5,4,10,2,17,"200,000","300,000",3,"200,000,000",30,140,2,4,2005,7,15,0,8,1
TPS165,Shawn Mendez & Camila Cabello,Senorita,"Jun, 2019",9,3,-6,2,12,1,43,"400,000","600,000",3,"1,200,000,000",15,117,4,6,2019,3,15,0,7,1
TPS166,LeAnn Rimes,Can't Fight The Moonlight,"Sep, 2000",6,5,-6,4,9,2,3,"30,000","100,000",3,"100,000,000",5,98,6,3,2000,1,15,0,6,0
TPS167,The Black Eyed Peas,Where is the Love?,"Jun, 2003",7,6,-3,5,13,2,30,"300,000","600,000",3.5,"500,000,000",40,94,2,2,2003,2,15,0,7,0
TPS168,Desitny's Child,Jumpin' Jumpin',"May, 2000",8,2,-5,3,8,1,11,"100,000","200,000",3,"300,000,000",10,89,6,6,2000,2,15,0,6,0
TPS169,Gwen Stefani & Akon,The Sweet Escape,"Dec, 2006",4,4,-4,3,10,1,8,"100,000","200,000",3,"500,000,000",5,120,4,4,2006,,15,0,7,1
TPS170,Justin Bieber,Sorry,"Oct, 2015",6,5,-4,2,14,2,73,"800,000","1,000,000",3,"3,600,000,000",50,100,3,3,2015,10,15,0,8,0
TPS171,Marshmello & Bastille,Happier,"Aug, 2018",7,9,-3,3,11,3,39,"200,000","400,000",3,"500,000,000",10,100,3,3,2018,2,15,0,7,1
TPS172,Rihanna,Don't Stop The Music,"Aug, 2007",5,2,-6,3,12,1,68,"600,000","800,000",3.5,"1,500,000,000",50,123,6,7,2007,2,15,1,8,1
TPS173,Adele,Easy On Me,"Oct, 2021",5,6,-8,2,14,2,64,"600,000","1,000,000",3.5,"400,000,000",50,142,2,3,2021,2,15,0,8,1
TPS174,OneRepublic,I Ain't Worried,"Jun, 2022",7,6,-6,3,8,2,50,"200,000","500,000",3,"300,000,000",30,140,7,7,2022,7,15,0,5,0
TPS175,Uncle Kracker,Follow Me,"Mar, 2001",6,4,-5,3,7,1,3,"30,000","100,000",3,"100,000,000",5,105,7,4,2001,3,15,0,7,0
TPS176,50 Cent & Olivia,Candy Shop,"Feb, 2005",5,1,-8,2,9,1,22,"50,000","100,000",3.5,"300,000,000",2,125,8,6,2005,1,18,0,7,0
TPS177,"Christina Aguilera, Lil' Kim, Mya & P!nk",Lady Marmalade (Voulez-Vous Coucher Aver Moi Ce Soir?),"Apr, 2001",8,6,-4,5,12,1,9,"80,000","100,000",3.5,"200,000,000",10,110,6,7,2001,2,18,0,7,1
TPS178,Sia,Chandelier,"Mar, 2014",6,5,-3,2,14,2,38,"200,000","400,000",3.5,"900,000,000",20,117,3,3,2014,2,15,0,8,1
TPS179,P!nk,Get The Party Started,"Oct, 2001",4,2,-3,4,9,1,28,"300,000","400,000",3.5,"400,000,000",20,129,8,7,2001,2,15,0,8,1
TPS180,The Chainsmokers & Daya,Don't Let Me Down,"Feb, 2016",8,3,-5,4,11,1,35,"400,000","400,000",3,"1,300,000,000",15,160,4,4,2016,10,15,0,8,0
TPS181,Halsey,Without Me,"Oct, 2018",6,6,-7,3,12,2,44,"300,000","300,000",3.5,"800,000,000",30,136,4,7,2018,2,15,0,9,0
TPS182,Lenny Kravitz,Again,"Oct, 2000",9,7,-5,3,8,2,9,"50,000","100,000",3.5,"200,000,000",5,79,6,3,2000,4,15,0,7,1
TPS183,Fat Joe & Ahanti,What's Luv?,"Feb, 2002",8,2,-5,2,9,1,6,"100,000","100,000",3,"200,000,000",10,94,5,7,2002,3,15,0,6,1
TPS184,Blu Cantrell,Hit 'em Up Style (Oops!),"May, 2001",5,2,-5,4,7,1,1,"30,000","50,000",3,"200,000,000",5,90,4,7,2001,1,18,0,6,0
TPS185,Maroon 5 & Christina Aguilera,Moves Like Jagger,"Jul, 2011",6,1,-4,2,13,1,47,"400,000","300,000",3.5,"1,400,000,000",10,128,8,7,2011,2,15,0,9,0
TPS186,OMI,Cheerleader,"Nov, 2014",8,2,-6,2,10,1,7,"40,000","100,000",3,"300,000,000",5,100,7,5,2014,8,15,0,7,0
TPS187,Kay Perry,Hot 'n' Cold,"Jul, 2008",7,3,-4,3,12,2,38,"400,000","600,000",3,"500,000,000",30,132,3,5,2008,2,10,0,9,0
TPS188,Creed,Higher,"Jan, 2000",5,4,-6,2,8,1,5,"80,000","200,000",3,"200,000,000",10,156,3,4,2000,5,15,0,6,1
TPS189,Panic! At the Disco,High Hopes,"Jun, 2018",8,5,-3,2,11,2,31,"200,000","400,000",3,"700,000,000",20,82,8,6,2018,2,15,1,8,0
TPS190,Mya,Case Of The Ex (Whatcha Gonna Do),"Aug, 2000",6,6,-5,3,7,1,1,"60,000","100,000",3,"200,000,000",5,98,3,5,2000,1,15,1,6,0
TPS191,Janet Jackson,All For You,"Mar, 2001",7,8,-5,4,9,2,5.5,"200,000","400,000",3,"100,000,000",20,114,6,6,2001,1,15,0,7,0
TPS192,Usher,U Remind Me,June 2001,5,3,-5,1,10,1,20,"300,000","500,000",3.5,"400,000,000",30,94,3,4,2001,1,15,0,8,0
TPS193,Lil Nas X,Montero (Call Me By Your Name),"Mar, 2021",7,4,-7,2,12,2,53,"300,000","300,000",3,"600,000,000",20,179,8,7,2021,3,18,1,9,0
TPS194,Lady GaGa & Colby O'Donis,Just Dance,"Jun, 2008",6,1,-5,3,14,1,51,"100,000","150,000",3.5,"1,000,000,000",5,119,8,8,2008,2,15,0,10,1
TPS195,Meghan Trainor,All About That Bass,"Jul, 2014",4,1,-4,3,13,1,31,"150,000","300,000",3,"400,000,000",15,134,6,5,2014,2,15,0,8,1
TPS196,Rihanna & Calvin Harris,We Found Love,"Sep, 2011",5,8,-4,2,14,1,68,"500,000","800,000",3.5,"1,500,000,000",25,128,7,6,2011,2,15,1,10,1
TPS197,Teddy Swims,Lose Control,"Aug, 2023",9,3,-4,3,7,2,12,"60,000","100,000",3,"100,000,000",3,160,3,3,2023,3,15,0,5,1
TPS198,Ja Rule & Ashanti,Always On Time,"Nov, 2001",8,3,-8,2,9,2,8,"150,000","200,000",3.5,"200,000,000",10,97,7,6,2001,3,18,0,7,1
TPS199,Sam Smith,Stay With Me,"Apr, 2014",5,8,-6,3,13,1,56,"200,000","400,000",3,"600,000,000",15,84,4,3,2014,2,15,0,8,0
TPS200,Wiz Khalifa & Charlie Puth,See You Again,"Mar, 2015",4,8,-8,3,14,3,48,"300,000","400,000",3.5,"3,500,000,000",20,80,3,6,2015,3,15,1,10,1